DNI;Nombre;Apellido;Dinero;Direccion;Telefono;Email;Password;N_Apellidos
74271345;Brenda;Robinson;4081.56;"001 Byrd Lodge
New Nancyside, CT 81484";753-940-7824x09850;mpham@example.com;(82H8#Ga0y;0
96928040;Peter;Sexton;9165.48;"69748 Jennifer Dale Suite 260
Port Bethanyfurt, MT 63790";310.394.9338;justin62@example.com;s+C*R1OqiJ;3
89904269;Joseph;Valenzuela;9444.96;"51127 Summer Plains Apt. 055
Melissaside, KY 57253";267-210-3384x0076;alexandriarodriguez@example.org;y3Df2W8p@0;1
85323914;Benjamin;Smith;9730.93;"893 Reynolds Knoll
South Christopherchester, IA 49577";+1-543-570-2953x55075;denise22@example.com;qKErDdub^6;2
42864707;Logan;Stone;6659.95;"Unit 4853 Box 9802
DPO AA 41542";324-600-4886;walkerdanielle@example.net;I(9NO0mva&;0
59721753;Maria;Clark;1227.01;"10098 Rose Mountains
Lake Howardside, NE 19523";920.228.7195x39853;wadejane@example.com;wISvD+gN&6;0
90730196;Robert;Hicks;1877.66;"73537 Guerra Forges
Joshualand, TX 16589";+1-978-267-0657x289;emily77@example.org;#6nY$_SV9y;3
83198324;Tyler;Mccall;1037.01;"475 Gail Light Suite 144
New Maria, TN 70661";318-607-5195;reillymichael@example.net;Q#6(#UjK^p;2
87307420;Angela;Thomas;7906.03;"68816 Tran Estate Apt. 822
Suzannetown, NE 99432";(564)725-2646;wramirez@example.net;(@2W$c$3u6;3
72090720;Tracy;Flores;6513.72;"00350 Christensen Lodge Apt. 300
Port Daniel, AZ 66126";(511)341-6091;jeffrey51@example.net;7W8H%zLq&_;2
33501389;Lauren;Turner;476.78;"081 Leah Brook
Reynoldsmouth, VT 44422";(865)554-6322;mspence@example.net;&S(1XrXV#s;2
70797722;Keith;Salinas;8844.28;"401 Michael Lights
Victoriaborough, OR 92028";(200)448-2174x3706;susan78@example.com;i*WEORw^)3;1
17137279;Bryan;Williams;4656.38;"PSC 7647, Box 9936
APO AA 03686";502-815-9823x3094;mcphersonsusan@example.net;$dw6GXhkd);3
23435485;Marissa;Reyes;4167.41;"PSC 9634, Box 1295
APO AE 39210";+1-887-328-8769;kathleenwhite@example.net;$@^30FlIL&;0
81611326;Gregory;Stout;9604.84;"76478 Theresa Fields
Jeanetteberg, ID 84908";463.768.4442x35264;anne15@example.net;@5O5Sr_%V6;3
18050272;Julie;Walsh;389.12;"99810 Williams Crossing Suite 271
Jonathanchester, KY 27405";726.452.6709;bryantsarah@example.net;a5orR8Um!d;3
91139983;Wendy;Craig;1130.03;"6859 Eaton Lodge Apt. 146
New Samantha, CT 53889";3239865268;courtney92@example.net;&1#FFiE$lo;1
26006631;Andrea;Mack;1876.16;"2861 Amy Walks
South Courtneyberg, NM 90880";2884266376;matthewhowell@example.com;EaLf&6Hlx);0
49056971;Tim;Kelly;6349.48;"953 Rocha Parkway Suite 520
New Amanda, HI 75642";443-945-0627x5760;conniedawson@example.org;r(0K@DsOOm;0
82931744;Bobby;Vargas;3274.3;"3644 Allen Ville
Brownville, NM 38679";001-720-423-6834x2490;idiaz@example.net;%5CNmU57@L;2
23210939;Brandon;Lewis;5551.02;"3342 Pratt Ports Apt. 731
West Samantha, HI 96874";001-804-332-3894x79091;jennifer70@example.net;o@2ROe1s8v;3
19831248;Jenna;Cox;2069.85;"Unit 6003 Box 8032
DPO AP 42700";001-929-233-6568x8726;zcunningham@example.com;&nBKCHEnC5;1
13751580;Michael;Bryant;819.13;"Unit 8276 Box 3313
DPO AA 87969";(817)979-6319x142;wsalinas@example.org;9cEt0Kb++d;2
72843809;Gregory;Lewis;4803.55;"6782 Edwards Street
Leonardfort, MI 47923";+1-461-575-1510x3345;gregory56@example.net;G*6&P7Ae+n;3
78224275;Amy;Raymond;9349.74;"07319 Hubbard Extensions
Guzmanfurt, NH 31714";404.562.3087;meganspears@example.org;my3360Au@O;1
65644397;Andrew;Smith;130.13;"45347 Rebecca Overpass Suite 302
North Jillborough, SC 16514";(216)708-2387x73559;jacksontravis@example.org;(GTTWl_$G7;0
85072440;Kimberly;Fields;154.62;"544 Andrea Knolls
North Veronica, NY 43078";001-422-594-6750x42061;johnsonbrett@example.com;)6RH13a&45;2
30843203;Joseph;Davidson;8210.8;"5993 Paul Highway
Mitchellton, WI 66527";001-674-832-8072;michaelbrown@example.net;r2nLS2A%!x;3
25351152;Robert;Jenkins;660.78;"USNV Cervantes
FPO AP 82411";+1-254-651-7635;hallbenjamin@example.com;$gSQFD_v4p;2
30814792;Michael;Boyd;9842.07;"PSC 6387, Box 9150
APO AP 99621";362.762.7644;andrewkim@example.net;B(6$HXWkw+;1
62647032;Brittany;Griffin;5813.13;"255 Michael Point Apt. 157
Valerieland, OR 51554";+1-558-994-2092x576;pierceerin@example.org;ogZ^xk9Y&0;1
47564358;Jessica;Lane;2637.91;"81385 James Mill
Rodriguezberg, AZ 96654";(936)365-8364x705;wcarey@example.org;X7Q1FxOt)q;0
48325518;Kari;Brown;8856.19;"PSC 8492, Box 4409
APO AE 09946";+1-963-580-2319x06459;autumnallison@example.com;%oH4fY7CS3;2
79206695;Lindsay;Rogers;268.35;"82694 Jennifer Plains Apt. 230
Aguirrefurt, MN 35384";(364)710-5977x9800;lwilson@example.com;2@8Rw2@lLj;1
63253978;Christine;Jones;7593.18;"466 Sherri Mountain
East Troyview, VA 02620";+1-938-306-2545x19264;james92@example.net;@CYP+&iu0t;2
39406652;Michael;Simon;9390.63;"2568 Johnson Pines Suite 359
Butlermouth, ND 59211";(696)948-0905;fullersteven@example.org;(4_S5Wn%pe;0
78518109;David;Vasquez;8106.84;"PSC 9610, Box 8134
APO AE 28057";(469)665-8411;hgreene@example.com;so8FvIHa(l;1
14041541;Stephanie;Walter;6448.5;"8478 Mosley Islands
Smithtown, WV 08965";916-543-0421x51740;bryanjackson@example.net;zE@o0Ew3Qm;1
26470949;Matthew;Hernandez;378.18;"5608 Washington Way
Alanberg, PA 98755";498-899-9620x04187;danielwhite@example.net;%5LDw!By#$;2
71280198;Gregory;Rodriguez;5050.73;"946 Mitchell Extension Suite 870
Sherryton, MO 23456";+1-701-785-4064x870;shellyrandall@example.com;1v3e+2Qva&;3
47506317;Cassandra;Hunter;689.81;"53385 Jones Isle Suite 721
Garzaborough, PR 49452";808.957.1540;bonnie24@example.org;xK1FksOg@7;3
68593676;Amy;Martinez;7705.61;"1707 Ramirez Mill Apt. 172
Sabrinaton, NC 56337";(209)938-8135x1487;linda72@example.org;PQ2)PxPB%Z;2
10092161;Virginia;Bates;7385.19;"69277 Cooper Port Suite 387
Johnchester, AK 83066";678-424-5890x938;cmelton@example.com;!9UbEbX7Kh;0
73932073;Kevin;Schmidt;8821.43;"371 Hanson Centers Apt. 517
Deannaview, PR 09745";+1-933-510-0218x26000;branchcole@example.org;3Xb5H03b)@;3
34082505;Gina;Tyler;9461.29;"6112 Hansen Plains Suite 442
Lake Jeffrey, VI 35507";001-607-747-0857;susan34@example.com;M^5inQb5+n;2
61432389;David;Klein;9434.34;"59898 Ferguson Cliffs
East Amanda, KY 58342";(286)755-0562;griffinvalerie@example.com;^2sKHDoxLE;2
75667290;Lisa;Martin;1833.15;"1597 Goodwin Plain
New Richardhaven, OR 21334";+1-412-246-7557x007;morenodanielle@example.org;YJ&0rWlMs^;0
79716251;Kimberly;Sanders;5783.28;"481 Russell Throughway
Samanthaville, CT 09172";+1-505-477-0470x403;gabrielle02@example.com;p0v9q&Ao&t;2
17483690;Brianna;Sutton;6471.55;"1078 Carolyn Extensions Suite 539
New Carmenview, AR 74206";660.851.2070x06890;bethany30@example.net;#!g79O*seD;1
74124508;David;Davis;1580.53;"803 Robles Rest Suite 876
Bellchester, LA 43713";001-322-368-6979x1109;michaelwhite@example.net;Eu#00Fqolv;2
97544257;Allen;Moore;455.46;"627 Gilbert Unions
Brentside, MT 44076";388.443.6889x2887;campbelljames@example.com;v3A^effn!X;1
21018381;Raymond;Reed;3319.14;"2267 Alexandria Street Apt. 094
Colemantown, IN 83986";374.654.3457x157;littlekenneth@example.org;l9OYSgLp_+;2
39780445;Veronica;Aguilar;5924.48;"5672 Micheal Point
North Melissabury, MT 88444";+1-975-277-5780x9305;paul77@example.org;3op!(PBW(q;0
96068728;Jessica;Barnett;6219.83;"848 Valdez Garden
Ashleyburgh, TN 39023";914-950-9851x452;jason27@example.net;H_P#S4UzIt;1
73362196;Margaret;Aguilar;7484.73;"03301 Arnold Square Suite 384
Port Jennifer, AR 63764";001-568-911-0579x978;moralessteven@example.com;^2HoHwf!_C;1
19366303;Christopher;Hartman;512.41;"97574 Kimberly Square Suite 990
Lake Lisa, VI 13663";977.889.6681x982;hgolden@example.org;7AQDT&ry(6;2
49693015;Laurie;Bradley;900.9;"598 Greer Pike Apt. 380
Brianland, MO 62793";+1-927-254-8354x89529;stevengates@example.com;^aq)D5aK5d;3
99856703;Matthew;Ruiz;6247.26;"PSC 6090, Box 5247
APO AA 14423";+1-745-637-9699x49365;tracy94@example.com;n(r9EpbjR*;2
38170922;John;Johnson;7271.25;"Unit 5090 Box 2366
DPO AP 65838";001-244-448-3586x96897;sandovalkevin@example.com;F7rQ$Pqm#T;1
54214665;Stacey;Garcia;156.99;"9646 John Walk
Port Robert, DE 22941";+1-240-377-6429x74192;robin86@example.org;+9$fxxQjEJ;1
20610868;Frank;Adams;523.45;"57324 Kathleen Courts
Tylertown, NV 81846";+1-860-437-8896x90582;sabrina55@example.com;@6WcQM0q#V;2
85482800;Carla;Chavez;2792.96;"4257 Angela Greens Suite 501
South Wandachester, PR 40460";001-756-536-2679x0329;monica07@example.com;hY8*b^*lJ@;2
77359153;Stephanie;Holland;6982.74;"205 Hayes Parks Suite 084
South Paul, AK 96774";+1-891-849-4596;gjackson@example.net;$%XOihuZ$5;3
77370594;Louis;Clements;5606.13;"PSC 9354, Box 7444
APO AP 67023";+1-926-483-9989;uflynn@example.com;we#QTVJ32+;1
66078794;Roger;Henderson;3453.94;"30020 Dawn Haven
New Michael, NC 79259";+1-799-985-6518x34882;underwoodjonathon@example.net;gQt*15Dhh&;2
30823264;Laura;Gardner;3400.11;"38892 Thomas Ridges Suite 682
Lake Aimeeport, VA 47582";852-482-1475;lisa21@example.com;)16UiFNt!Y;0
64675767;Jessica;King;2110.27;"7471 Richard Overpass Apt. 925
South Patrickfort, GA 66284";229.716.4637;mckinneyveronica@example.net;yJ7zpB6rY^;1
27210889;Michael;Warner;3661.27;"158 Short Island Suite 539
South Jennifer, MD 82164";791-731-9700x67895;newtonmary@example.com;3%3DgHXdcQ;0
43360289;James;Callahan;8952.22;"9458 Garcia Forks Suite 210
Port Edwin, NC 32808";(241)718-4532;mlindsey@example.org;rL9JLEwSJ^;2
82445789;Ashley;Cochran;4502.4;"834 Joshua Row
North Amandahaven, VI 79666";001-694-510-3708x216;eortiz@example.org;!D6GznTxh8;3
30168307;Sarah;Lee;5962.04;"2178 Michael Loop
East Jared, VA 00753";342.484.9903x920;sarahferrell@example.org;O)Br4jNfqh;0
21847656;Angela;Johnson;9284.56;"722 Kimberly Stravenue Apt. 842
South Cherylton, WI 92004";724-533-8729x31495;shannon44@example.org;oi+P0TXjXf;2
59561343;Shelly;Pacheco;6739.57;"22073 Cheryl Light
West Maxwell, KS 06512";262-284-5965;dwilkins@example.com;j#E5hsUpV+;0
18342114;Mary;Powell;1323.64;"66134 Kristina Square Suite 266
Kaufmanborough, SD 50818";(621)212-0460x5441;lori50@example.com;ST7W_&o0Y*;3
94048280;Jessica;Duncan;5184.69;"349 Pearson Plains
South Mary, NE 02576";(924)533-8223;jillgreene@example.net;Xn7LsHVbN^;0
83087889;Tina;Rodriguez;9845.27;"954 Johnson Extension Suite 630
Sextontown, AS 41582";(975)224-6742x051;thomas55@example.net;!bCYP90uj1;2
68932980;Levi;Hutchinson;5665.02;"7988 Amanda Creek Suite 824
Jessicashire, UT 56148";+1-590-602-1553x43637;jessica15@example.org;vk4xAerOY(;1
35221945;Austin;Jackson;8127.61;"16241 Taylor Fort
Escobarview, NM 05566";428.209.4046x22685;iwilliams@example.org;m@01RxDv8E;1
15432231;James;Johnson;4100.64;"4138 Amy Crossing
Colemanmouth, ND 50212";551.240.6800;frivera@example.org;&#*9iJeVu+;2
36025284;Elizabeth;Watts;686.66;"70678 Hancock Cove
South Tyler, AL 67401";001-636-320-6964x4836;pjones@example.com;_PRK*v55_8;2
68056050;Rebecca;Bright;2304.49;"Unit 7826 Box 4972
DPO AA 81789";212.490.2359;chad52@example.com;J0wSW50n!1;0
86928672;Christopher;Powell;9471.95;"060 Kevin Dale
Jonesland, VA 71998";+1-761-707-5476x1624;robert25@example.org;$9mNGqO8b&;3
10571769;Mary;Henderson;5902.92;"68107 Melanie Isle Apt. 958
Port Georgeberg, TX 77883";763-868-2124x81493;karen80@example.org;eoVP0Xrl++;3
44053466;Kevin;Bailey;7918.36;"6133 Knight Loop
Mollyville, OK 05593";2914409470;robin98@example.com;c87k$YayH(;1
86046531;Justin;Howard;9945.0;"036 Amy Plaza
Patelside, PA 13243";742.392.1684;kristinamosley@example.net;O@Y)2B!iw9;0
15587155;Ashley;Lambert;6075.24;"8876 Benjamin Camp
North Catherine, UT 38395";(861)868-6776x6518;williamsdonna@example.com;%tqJqO7h8D;0
66317593;Michael;Compton;5289.16;"4955 Martin Extension
Kelleybury, MO 31661";(343)675-7152x7144;castillocourtney@example.net;jA#3&$WlJ+;0
41309806;Jamie;Soto;6751.32;"5929 Gabriel Cliffs
Lake Troyshire, RI 70684";(256)322-0027;jmcmillan@example.net;*rHchQQ%u0;3
85088657;Linda;Nichols;3199.01;"319 Green Plain
Melissashire, MS 57056";001-389-739-6163x43178;jerryflores@example.org;_@)^3HGpDE;0
74926597;Christine;Choi;3933.26;"07797 Gary Wall Apt. 261
Gainesmouth, MD 73264";939.543.1495;iolsen@example.org;c6AwZTs4%q;1
23520975;Mike;Miller;9114.32;"8247 Hahn Manor Apt. 740
Jasonhaven, AZ 31179";001-846-836-1251;pwilliams@example.com;5+g6uFYlNX;1
88608407;Lauren;Johnson;7433.47;"Unit 1706 Box 5948
DPO AE 94508";(676)767-8227x8672;fordpamela@example.org;_GU^tc8LA0;1
33096465;Peter;Beck;6716.69;"USS Torres
FPO AP 81020";634-599-8049x26518;michael40@example.com;QR!6YtedPT;2
41915088;Kim;Pena;9026.31;"556 Wendy Burgs
South Hollyhaven, AL 53854";761.674.8429x59458;reneeballard@example.org;84%7&9Eh8H;2
79247338;Kevin;Holmes;721.34;"463 Ethan Stream Suite 858
New Ryanborough, AR 32387";001-501-994-1966x0614;rodriguezmike@example.net;AjB9WExi)U;3
66573133;Christopher;Glover;2639.81;"25421 Hall Ways Apt. 414
Christopherville, DC 82414";359.483.9718x7268;marksjennifer@example.net;x)(6KavW%i;2
91182802;Erin;Mcconnell;1966.48;"7732 Alex Run Apt. 617
Brookechester, OR 90468";(877)790-9067;milleranna@example.org;dhK0dQr6*1;1
25603301;Carl;Smith;718.87;"5579 Norris Heights
South Joseph, MH 53901";(850)780-4611x92980;steinhunter@example.com;@R0F#cyBbB;1
22861361;Patricia;Navarro;2585.88;"516 Mcneil Inlet Suite 543
Lake Christopherberg, AS 14601";705.433.8990x70249;william89@example.org;@lNkHba#*3;3
29716696;Tracy;Alvarado;8100.15;"35350 Ashley Garden
Marvinport, FM 89815";+1-477-240-0789x3945;halejoshua@example.com;!Q7UDz!!fD;0
